discount_band;orders;avg_profit;total_profit;avg_margin_pct
0-5%;347;43.12213256484149;14963.38;34.83853386761362
5-10%;1448;38.46024861878453;55690.44;28.19356203653985
10-15%;3078;31.032313190383363;95517.45999999999;22.875857066148214
15-20%;3309;20.906418857660924;69179.34;16.29078190752856
20-25%;1931;9.813029518384257;18948.96;10.49744896337819
25-30%;1101;-8.742452316076294;-9625.44;0.30034096023079726
30-45%;786;-38.973778625954196;-30633.39;-14.748542443650853
