product_category;total_revenue;total_profit;avg_discount;profit_margin_pct
Home & Kitchen;370750.15;51965.7;0.150267254528122;14.016366547660196
Sports;245169.02;49944.38;0.1544943103448276;20.371407447808863
Beauty;117924.09;39755.38;0.12080902302426881;33.71268754331706
Toys;131870.92;36938.46;0.13248392238392237;28.011073252541195
Fashion;215522.25;32076.02;0.23673191677733513;14.882927400767207
Electronics;973352.73;3360.809999999999;0.20407104801962847;0.3452818178256919
