region;total_revenue;total_profit;avg_discount;profit_margin_pct
NA;780859.4;117913.54;0.150172427052703;15.100482878223659
APAC;475629.67;74348.93;0.15773869290753806;15.63168462556173
LATAM;265094.55;15888.14;0.1832702842377261;5.993386133362606
EU;533005.54;5890.14;0.21389523666866386;1.1050804462557744
