customer_id;total_revenue;total_profit;orders
C10663;2329.15;464.49;14
C12059;2488.89;403.5299999999999;13
C10337;2431.65;390.13000000000005;15
C11901;1919.3700000000001;377.34000000000003;7
C11638;2313.83;376.69;11
C11879;1745.13;368.3;10
C12119;2797.56;364.22;12
C11148;3082.35;362.55000000000007;13
C10588;1561.3899999999999;350.72999999999996;9
C10806;1997.96;346.24;11
